--
-- PostgreSQL database dump
--

\restrict IbFPckhLorhzoITnl4cE3jD5mTF7F2TMJajnoVwUoKVnGlkdq0fGwdQ69PobRfg

-- Dumped from database version 16.11 (b740647)
-- Dumped by pg_dump version 16.10

SET statement_timeout = 0;
SET lock_timeout = 0;
SET idle_in_transaction_session_timeout = 0;
SET client_encoding = 'UTF8';
SET standard_conforming_strings = on;
SELECT pg_catalog.set_config('search_path', '', false);
SET check_function_bodies = false;
SET xmloption = content;
SET client_min_messages = warning;
SET row_security = off;

SET default_tablespace = '';

SET default_table_access_method = heap;

--
-- Name: expenses; Type: TABLE; Schema: public; Owner: -
--

CREATE TABLE public.expenses (
    id character varying DEFAULT gen_random_uuid() NOT NULL,
    outlet_id character varying NOT NULL,
    date text NOT NULL,
    type character varying NOT NULL,
    description text NOT NULL,
    amount real DEFAULT 0 NOT NULL,
    created_at timestamp without time zone DEFAULT now() NOT NULL,
    updated_at timestamp without time zone DEFAULT now() NOT NULL,
    proof_url text
);


--
-- Name: outlets; Type: TABLE; Schema: public; Owner: -
--

CREATE TABLE public.outlets (
    id character varying DEFAULT gen_random_uuid() NOT NULL,
    name text NOT NULL,
    cogs_per_piece real DEFAULT 0 NOT NULL,
    created_at timestamp without time zone DEFAULT now() NOT NULL
);


--
-- Name: sales; Type: TABLE; Schema: public; Owner: -
--

CREATE TABLE public.sales (
    id character varying DEFAULT gen_random_uuid() NOT NULL,
    outlet_id character varying NOT NULL,
    date text NOT NULL,
    cash real DEFAULT 0 NOT NULL,
    qris real DEFAULT 0 NOT NULL,
    grab real DEFAULT 0 NOT NULL,
    gofood real DEFAULT 0 NOT NULL,
    shopee real DEFAULT 0 NOT NULL,
    tiktok real DEFAULT 0 NOT NULL,
    total_sold integer DEFAULT 0 NOT NULL,
    remaining integer DEFAULT 0 NOT NULL,
    returned integer DEFAULT 0 NOT NULL,
    total_production integer DEFAULT 0 NOT NULL,
    sold_out_time text,
    created_at timestamp without time zone DEFAULT now() NOT NULL,
    updated_at timestamp without time zone DEFAULT now() NOT NULL
);


--
-- Name: sessions; Type: TABLE; Schema: public; Owner: -
--

CREATE TABLE public.sessions (
    sid character varying NOT NULL,
    sess jsonb NOT NULL,
    expire timestamp without time zone NOT NULL
);


--
-- Name: users; Type: TABLE; Schema: public; Owner: -
--

CREATE TABLE public.users (
    id character varying DEFAULT gen_random_uuid() NOT NULL,
    email character varying,
    first_name character varying,
    last_name character varying,
    profile_image_url character varying,
    role character varying DEFAULT 'finance'::character varying NOT NULL,
    assigned_outlet_id character varying,
    created_at timestamp without time zone DEFAULT now(),
    updated_at timestamp without time zone DEFAULT now(),
    password character varying
);


--
-- Data for Name: expenses; Type: TABLE DATA; Schema: public; Owner: -
--

COPY public.expenses (id, outlet_id, date, type, description, amount, created_at, updated_at, proof_url) FROM stdin;
aebe534e-bfd9-427d-9abe-231df4df1501	9dffbe6d-59df-4c85-8e33-f564debc6773	2025-11-23	harian	plastik 	10000	2025-11-24 13:38:16.400155	2025-11-24 13:38:16.400155	\N
fd83463c-ca82-47ca-92e4-10ad68bd0868	9dffbe6d-59df-4c85-8e33-f564debc6773	2025-11-23	harian	sunlight	10000	2025-11-24 13:38:16.839417	2025-11-24 13:38:16.839417	\N
4efab974-0cb8-4dea-b5ed-40e3d6d9a6fe	9dffbe6d-59df-4c85-8e33-f564debc6773	2025-11-10	bulanan	sewa 	2.5e+06	2025-11-24 13:39:20.334676	2025-11-24 13:39:20.334676	\N
6d69ec70-edb2-42fc-920b-4ed1d9e1956c	f865ca84-3056-4811-a71a-3df374daca73	2025-11-22	harian	kabel ties	10000	2025-11-24 13:46:24.396263	2025-11-24 13:46:24.396263	\N
78f65902-0e9a-4aa8-8c0f-b8af87941826	f865ca84-3056-4811-a71a-3df374daca73	2025-11-22	harian	token 	100000	2025-11-24 13:46:24.902875	2025-11-24 13:46:24.902875	\N
176c6f66-5033-4c65-abbf-6b589578c4be	f865ca84-3056-4811-a71a-3df374daca73	2025-11-25	harian	Gas	2e+06	2025-11-25 04:01:14.315377	2025-11-25 04:01:14.315377	\N
c191675a-cfee-4c64-93a7-59ffcc9b2ce6	b7918534-6a84-4822-9c2f-d783577d2b7a	2025-11-11	harian	bensin	30000	2025-11-25 04:35:36.037697	2025-11-25 04:35:36.037697	\N
3e079584-7e1f-4878-98bc-df25bf8ba249	b7918534-6a84-4822-9c2f-d783577d2b7a	2025-11-11	harian	uang makan	140000	2025-11-25 04:35:36.470869	2025-11-25 04:35:36.470869	\N
4ac7c36c-7e1f-4418-9c0a-ae951e5c7dce	b7918534-6a84-4822-9c2f-d783577d2b7a	2025-11-12	harian	plastik sampah	16000	2025-11-25 04:38:31.349666	2025-11-25 04:38:31.349666	\N
0048dd59-b756-4e31-8739-fa4e998387fc	b7918534-6a84-4822-9c2f-d783577d2b7a	2025-11-12	harian	uang makan	140000	2025-11-25 04:38:31.76716	2025-11-25 04:38:31.76716	\N
8c8644f3-71ff-445c-85c0-01458b63244b	b7918534-6a84-4822-9c2f-d783577d2b7a	2025-11-13	harian	Uang makan	140000	2025-11-25 04:55:04.025582	2025-11-25 04:55:04.025582	\N
a90f9b9d-fe1d-4de5-8a04-49a6e5cf6c3d	b7918534-6a84-4822-9c2f-d783577d2b7a	2025-11-14	harian	uang makan	140000	2025-11-25 04:57:47.543082	2025-11-25 04:57:47.543082	\N
882cfaed-e91b-412b-b5e5-e98e48742c27	b7918534-6a84-4822-9c2f-d783577d2b7a	2025-11-15	harian	tisu	46000	2025-11-25 05:06:50.892821	2025-11-25 05:06:50.892821	\N
5d0a9406-b569-4797-a084-9d1a248392b4	b7918534-6a84-4822-9c2f-d783577d2b7a	2025-11-15	harian	iuran RT 	50000	2025-11-25 05:06:51.318005	2025-11-25 05:06:51.318005	\N
7195755d-8120-4e78-af49-4aae2986e383	b7918534-6a84-4822-9c2f-d783577d2b7a	2025-11-15	harian	uang makan	140000	2025-11-25 05:06:51.73677	2025-11-25 05:06:51.73677	\N
577d5ca8-0cc5-40c1-8051-9a4afbe095bb	b7918534-6a84-4822-9c2f-d783577d2b7a	2025-11-16	harian	cabel ties	10500	2025-11-25 05:10:41.205365	2025-11-25 05:10:41.205365	\N
ffb5e022-c338-4990-98b8-8ebe38784b6b	b7918534-6a84-4822-9c2f-d783577d2b7a	2025-11-16	harian	uang makan 	140000	2025-11-25 05:10:41.628196	2025-11-25 05:10:41.628196	\N
4ca84dea-785d-4ba3-9cf5-183f0c51822b	b7918534-6a84-4822-9c2f-d783577d2b7a	2025-11-17	harian	uang makan	140000	2025-11-26 07:50:05.417674	2025-11-26 07:50:05.417674	\N
66f62e6f-61da-4d4d-a759-feb38a07f1fb	b7918534-6a84-4822-9c2f-d783577d2b7a	2025-11-18	harian	bensin	30000	2025-11-26 07:53:35.183835	2025-11-26 07:53:35.183835	\N
226cd026-3b66-47dd-a61a-12ffa1706f12	b7918534-6a84-4822-9c2f-d783577d2b7a	2025-11-18	harian	uang makan	140000	2025-11-26 07:53:35.771066	2025-11-26 07:53:35.771066	\N
03c5c6cc-bf01-4fb5-abca-c8185f2107c5	b7918534-6a84-4822-9c2f-d783577d2b7a	2025-11-19	harian	uang makan	140000	2025-11-26 07:55:53.385538	2025-11-26 07:55:53.385538	\N
dc2ce05f-c0f0-44f4-a638-28c673f3862c	b7918534-6a84-4822-9c2f-d783577d2b7a	2025-11-20	harian	uang makan	140000	2025-11-26 07:57:51.833905	2025-11-26 07:57:51.833905	\N
ff3c5b45-8654-470e-923e-2d2c121386ca	b7918534-6a84-4822-9c2f-d783577d2b7a	2025-11-20	harian	kuota	55000	2025-11-26 07:57:52.256007	2025-11-26 07:57:52.256007	\N
7cefdb61-a3b8-49a0-b9af-73194ec15ea6	b7918534-6a84-4822-9c2f-d783577d2b7a	2025-11-21	harian	uang makan 	140000	2025-11-26 08:01:08.755464	2025-11-26 08:01:08.755464	\N
fbdac771-0cb6-4026-bdbc-ca70de5babac	b7918534-6a84-4822-9c2f-d783577d2b7a	2025-11-21	harian	ongkir pukis 	27500	2025-11-26 08:01:09.209855	2025-11-26 08:01:09.209855	\N
6816c088-a622-434e-acba-7734824e49a4	b7918534-6a84-4822-9c2f-d783577d2b7a	2025-11-21	harian	tisu	46000	2025-11-26 08:01:09.791799	2025-11-26 08:01:09.791799	\N
4ebe5145-92ee-4564-a438-617add4c8e1e	b7918534-6a84-4822-9c2f-d783577d2b7a	2025-11-22	harian	uang makan	140000	2025-11-26 08:03:10.158895	2025-11-26 08:03:10.158895	\N
ef0f3cc4-6764-4aaf-a28a-f09d563a6f95	b7918534-6a84-4822-9c2f-d783577d2b7a	2025-11-23	harian	uang makan	140000	2025-11-26 08:05:12.249986	2025-11-26 08:05:12.249986	\N
5c06f555-95d5-4af2-b97e-4f72f177d41f	b7918534-6a84-4822-9c2f-d783577d2b7a	2025-11-23	harian	lakban	30000	2025-11-26 08:05:12.686122	2025-11-26 08:05:12.686122	\N
fcc1a9c4-598f-4d16-879b-fade2aa59415	b7918534-6a84-4822-9c2f-d783577d2b7a	2025-11-24	harian	uang makan	140000	2025-11-26 08:10:35.382504	2025-11-26 08:10:35.382504	\N
06f9357a-b479-4d28-b1ac-b686e88e0c92	b7918534-6a84-4822-9c2f-d783577d2b7a	2025-11-24	harian	bensin	30000	2025-11-26 08:10:35.813369	2025-11-26 08:10:35.813369	\N
aefa88a4-5bab-4ebd-9dcb-5cc958bf8ddc	b7918534-6a84-4822-9c2f-d783577d2b7a	2025-11-25	harian	uang makan	140000	2025-11-26 08:20:57.914019	2025-11-26 08:20:57.914019	\N
98f1466f-8dd4-4fc1-aed8-b94d92b1c861	9ed2ac87-9bb1-4e57-afb6-ef7f5b443188	2025-11-07	harian	bensin	30000	2025-11-26 08:24:15.448919	2025-11-26 08:24:15.448919	\N
aaf97514-20c5-4f8b-b463-30390841e14f	9ed2ac87-9bb1-4e57-afb6-ef7f5b443188	2025-11-07	harian	tisu	13000	2025-11-26 08:24:15.894936	2025-11-26 08:24:15.894936	\N
80adb5cc-0125-4054-afa0-bda05e4efd9b	9ed2ac87-9bb1-4e57-afb6-ef7f5b443188	2025-11-07	harian	fotocopy	15000	2025-11-26 08:24:16.30227	2025-11-26 08:24:16.30227	\N
4f0b0afb-4cb7-45fd-aeae-8fe34b203acf	9ed2ac87-9bb1-4e57-afb6-ef7f5b443188	2025-11-07	harian	sunlight	8900	2025-11-26 08:24:16.731216	2025-11-26 08:24:16.731216	\N
681a458a-c854-403c-82da-6a0b26df8e49	9ed2ac87-9bb1-4e57-afb6-ef7f5b443188	2025-11-07	harian	uang makan	50000	2025-11-26 08:24:17.314205	2025-11-26 08:24:17.314205	\N
faea117f-317f-4a5e-b13c-a2f02c28e63a	9ed2ac87-9bb1-4e57-afb6-ef7f5b443188	2025-11-08	harian	kartu perdana	40000	2025-11-26 08:26:28.309257	2025-11-26 08:26:28.309257	\N
013e8e1d-de8a-4ede-81bb-a0ba2548002b	9ed2ac87-9bb1-4e57-afb6-ef7f5b443188	2025-11-08	harian	uang makan	50000	2025-11-26 08:26:28.727993	2025-11-26 08:26:28.727993	\N
805baa25-c409-48cc-aee0-2c9dede40059	9ed2ac87-9bb1-4e57-afb6-ef7f5b443188	2025-11-09	harian	uang makan	50000	2025-11-26 08:30:20.988163	2025-11-26 08:30:20.988163	\N
cf8a5a1d-5579-4145-b598-acefb92d831f	9ed2ac87-9bb1-4e57-afb6-ef7f5b443188	2025-11-10	harian	uang makan	50000	2025-11-26 08:42:35.098798	2025-11-26 08:42:35.098798	\N
8604ce53-dfb6-4b17-a060-1158783129da	9ed2ac87-9bb1-4e57-afb6-ef7f5b443188	2025-11-11	harian	tisu	14000	2025-11-26 08:46:10.259234	2025-11-26 08:46:10.259234	\N
fe277bdc-cf5e-4ce6-a9c4-b065129d760f	9ed2ac87-9bb1-4e57-afb6-ef7f5b443188	2025-11-11	harian	adm setor tunai	1500	2025-11-26 08:46:10.932605	2025-11-26 08:46:10.932605	\N
9c45c763-8e8a-4866-b47c-08a52c3cd71c	9ed2ac87-9bb1-4e57-afb6-ef7f5b443188	2025-11-11	harian	uang makan	50000	2025-11-26 08:46:11.425809	2025-11-26 08:46:11.425809	\N
2878ddbd-4ee6-4e04-950e-628256198abf	9ed2ac87-9bb1-4e57-afb6-ef7f5b443188	2025-11-12	harian	uang makan 	50000	2025-11-26 08:50:18.243098	2025-11-26 08:50:18.243098	\N
8c3ba185-2af0-41cd-8ffe-1331c2d42158	9ed2ac87-9bb1-4e57-afb6-ef7f5b443188	2025-11-12	harian	adm setor tunai	1500	2025-11-26 08:50:18.723651	2025-11-26 08:50:18.723651	\N
4a783a29-dab0-4eae-a1ed-7f73114cd734	9ed2ac87-9bb1-4e57-afb6-ef7f5b443188	2025-11-13	harian	tisu	14000	2025-11-26 08:52:30.039773	2025-11-26 08:52:30.039773	\N
6dc2bbf7-0d70-49e4-9efc-74f9473eb099	9ed2ac87-9bb1-4e57-afb6-ef7f5b443188	2025-11-13	harian	print	10000	2025-11-26 08:52:30.552828	2025-11-26 08:52:30.552828	\N
d36553e5-d54c-48ec-b140-7998ea05eb77	9ed2ac87-9bb1-4e57-afb6-ef7f5b443188	2025-11-13	harian	adm setor tunai	1500	2025-11-26 08:52:31.696736	2025-11-26 08:52:31.696736	\N
8cb5a5ce-6afe-42ef-a998-934def174506	9ed2ac87-9bb1-4e57-afb6-ef7f5b443188	2025-11-13	harian	uang makan	50000	2025-11-26 08:52:32.246111	2025-11-26 08:52:32.246111	\N
f39ad10f-50d6-40d2-b0dc-5df54a37b479	9ed2ac87-9bb1-4e57-afb6-ef7f5b443188	2025-11-14	harian	adm setor tunai	1500	2025-11-26 08:54:17.685803	2025-11-26 08:54:17.685803	\N
f7597e71-486a-4dd6-bf81-8732e8125ba3	9ed2ac87-9bb1-4e57-afb6-ef7f5b443188	2025-11-14	harian	uang makan	50000	2025-11-26 08:54:18.104451	2025-11-26 08:54:18.104451	\N
d9b45f28-8e46-485e-870b-550e46d97442	9ed2ac87-9bb1-4e57-afb6-ef7f5b443188	2025-11-15	harian	uang makan	50000	2025-11-26 08:56:01.712648	2025-11-26 08:56:01.712648	\N
caa5deba-d6dc-49d7-b34e-4d056a5cc1a8	9ed2ac87-9bb1-4e57-afb6-ef7f5b443188	2025-11-15	harian	adm setor tunai	1500	2025-11-26 08:56:02.124162	2025-11-26 08:56:02.124162	\N
9570008e-88af-4e57-9d42-c28ec9fa1c24	9ed2ac87-9bb1-4e57-afb6-ef7f5b443188	2025-11-16	harian	uang makan	50000	2025-11-26 08:57:40.183893	2025-11-26 08:57:40.183893	\N
6495efef-427b-4f67-9512-080cde594a90	9ed2ac87-9bb1-4e57-afb6-ef7f5b443188	2025-11-17	harian	tisu	17000	2025-11-26 09:01:02.09224	2025-11-26 09:01:02.09224	\N
d7636b62-66cd-4af2-afb5-2de8d73c383b	9ed2ac87-9bb1-4e57-afb6-ef7f5b443188	2025-11-17	harian	ongkir dus	14000	2025-11-26 09:01:02.556147	2025-11-26 09:01:02.556147	\N
38ad4792-ae7b-446c-9626-5ea6c8cb21bb	9ed2ac87-9bb1-4e57-afb6-ef7f5b443188	2025-11-17	harian	adm setor tunai	1500	2025-11-26 09:01:03.01114	2025-11-26 09:01:03.01114	\N
3e6d630e-9bc8-487c-894f-0b5ccbfbad8d	9ed2ac87-9bb1-4e57-afb6-ef7f5b443188	2025-11-17	harian	uang makan	50000	2025-11-26 09:01:03.43337	2025-11-26 09:01:03.43337	\N
c2faf4ef-c7dc-4a88-8faf-d42c0d42a8a1	9ed2ac87-9bb1-4e57-afb6-ef7f5b443188	2025-11-18	harian	adm setor tunai	1500	2025-11-26 09:02:27.644734	2025-11-26 09:02:27.644734	\N
4cc5b496-edaa-4ee9-b193-92c88291f382	9ed2ac87-9bb1-4e57-afb6-ef7f5b443188	2025-11-18	harian	uang makan	50000	2025-11-26 09:02:28.059572	2025-11-26 09:02:28.059572	\N
f33f882f-80ed-4d2f-897d-6222aa907774	9ed2ac87-9bb1-4e57-afb6-ef7f5b443188	2025-11-19	harian	tisu	17000	2025-11-26 09:05:01.818312	2025-11-26 09:05:01.818312	\N
bfc0591f-35f1-4a11-83ec-e3909ede463c	9ed2ac87-9bb1-4e57-afb6-ef7f5b443188	2025-11-19	harian	ongkir dus	21000	2025-11-26 09:05:02.294605	2025-11-26 09:05:02.294605	\N
9a685662-c1e6-4fae-93cf-6762d0700cb9	9ed2ac87-9bb1-4e57-afb6-ef7f5b443188	2025-11-19	harian	pulpen	3000	2025-11-26 09:05:02.755712	2025-11-26 09:05:02.755712	\N
c3bcf77e-2a9f-4a16-b398-4512c06b809a	9ed2ac87-9bb1-4e57-afb6-ef7f5b443188	2025-11-19	harian	token listrik	100000	2025-11-26 09:05:03.185413	2025-11-26 09:05:03.185413	\N
3539dc41-281f-4b91-8f40-be465da2f3a8	9ed2ac87-9bb1-4e57-afb6-ef7f5b443188	2025-11-19	harian	adm setor tunai	1500	2025-11-26 09:05:03.646474	2025-11-26 09:05:03.646474	\N
6eabad31-50b2-409e-9010-1e39d2e2f97d	9ed2ac87-9bb1-4e57-afb6-ef7f5b443188	2025-11-19	harian	uang makan	50000	2025-11-26 09:05:04.083241	2025-11-26 09:05:04.083241	\N
bda1125a-6de4-4679-99c6-c2acd6a38365	9ed2ac87-9bb1-4e57-afb6-ef7f5b443188	2025-11-20	harian	tisu	15000	2025-11-26 09:08:00.587155	2025-11-26 09:08:00.587155	\N
fa8ea38a-122d-44a5-a979-53045fbc74c9	9ed2ac87-9bb1-4e57-afb6-ef7f5b443188	2025-11-20	harian	adm setor tunai	1500	2025-11-26 09:08:00.99946	2025-11-26 09:08:00.99946	\N
0a3ecc01-b3dd-4258-92e3-92f131351da4	9ed2ac87-9bb1-4e57-afb6-ef7f5b443188	2025-11-20	harian	uang makan	50000	2025-11-26 09:08:01.423057	2025-11-26 09:08:01.423057	\N
b209874e-8c22-4ccc-b3f6-61992cceff8c	9ed2ac87-9bb1-4e57-afb6-ef7f5b443188	2025-11-21	harian	adm setor tunai	1500	2025-11-26 09:15:34.681912	2025-11-26 09:15:34.681912	\N
f8f60ac6-f9d0-4619-b658-0c76dd23861d	9ed2ac87-9bb1-4e57-afb6-ef7f5b443188	2025-11-21	harian	adm token listrik	3500	2025-11-26 09:15:35.216135	2025-11-26 09:15:35.216135	\N
5d00d250-e3bb-470d-9905-8aea93e0ce6c	9ed2ac87-9bb1-4e57-afb6-ef7f5b443188	2025-11-21	harian	pulsa isna	10000	2025-11-26 09:15:35.651929	2025-11-26 09:15:35.651929	\N
12c98170-79eb-46fa-8876-f71a49adc00b	9ed2ac87-9bb1-4e57-afb6-ef7f5b443188	2025-11-21	harian	uang makan	50000	2025-11-26 09:15:36.074842	2025-11-26 09:15:36.074842	\N
a1e66fa7-d0b1-4f9b-93e8-8fd67d8265da	9ed2ac87-9bb1-4e57-afb6-ef7f5b443188	2025-11-22	harian	adm setor tunai	1500	2025-11-26 09:25:14.257909	2025-11-26 09:25:14.257909	\N
9040e9ef-9783-405e-9a8d-c7963f69ead9	9ed2ac87-9bb1-4e57-afb6-ef7f5b443188	2025-11-22	harian	pulsa	54000	2025-11-26 09:25:14.686712	2025-11-26 09:25:14.686712	\N
3a48ab99-0b48-4403-9294-1a65d6be5845	9ed2ac87-9bb1-4e57-afb6-ef7f5b443188	2025-11-22	harian	uang makan	50000	2025-11-26 09:25:15.145794	2025-11-26 09:25:15.145794	\N
c8bc3a01-a765-40f9-b58a-6c71a6c873da	9ed2ac87-9bb1-4e57-afb6-ef7f5b443188	2025-11-23	harian	adm setor tunai	1500	2025-11-26 09:26:55.878015	2025-11-26 09:26:55.878015	\N
9aef0613-a739-4d49-8d9e-7a65641680ed	9ed2ac87-9bb1-4e57-afb6-ef7f5b443188	2025-11-23	harian	tisu	21000	2025-11-26 09:26:56.301988	2025-11-26 09:26:56.301988	\N
351fd956-8342-4038-aafa-8ab6bf1105ea	9ed2ac87-9bb1-4e57-afb6-ef7f5b443188	2025-11-23	harian	uang makan	50000	2025-11-26 09:26:56.770651	2025-11-26 09:26:56.770651	\N
410e270e-caaa-4ecd-be9c-96f3fe39102f	9ed2ac87-9bb1-4e57-afb6-ef7f5b443188	2025-11-24	harian	adm setor tunai	1500	2025-11-26 09:28:22.106594	2025-11-26 09:28:22.106594	\N
77fce779-1648-4785-be5d-68610c7b1802	9ed2ac87-9bb1-4e57-afb6-ef7f5b443188	2025-11-24	harian	ongkir ganti dus A	10000	2025-11-26 09:28:22.527083	2025-11-26 09:28:22.527083	\N
843daf7c-f1c8-4772-8577-a4833861ec5b	9ed2ac87-9bb1-4e57-afb6-ef7f5b443188	2025-11-24	harian	uang makan	50000	2025-11-26 09:28:22.941369	2025-11-26 09:28:22.941369	\N
952a3f97-f2f1-4d88-8f16-1cfb607a09ed	9ed2ac87-9bb1-4e57-afb6-ef7f5b443188	2025-11-25	harian	adm setor tunai	1500	2025-11-26 09:29:49.101378	2025-11-26 09:29:49.101378	\N
b287dbd3-1fa7-471a-893b-b58f5efa4fad	9ed2ac87-9bb1-4e57-afb6-ef7f5b443188	2025-11-25	harian	uang makan	50000	2025-11-26 09:29:49.52845	2025-11-26 09:29:49.52845	\N
b31d2404-db33-4916-b94c-d03af4b5f853	9ed2ac87-9bb1-4e57-afb6-ef7f5b443188	2025-11-26	harian	adm setor tunai	2000	2025-11-26 09:32:38.319941	2025-11-26 09:32:38.319941	\N
28719087-75bf-4b8f-86a3-016f08d6e169	9ed2ac87-9bb1-4e57-afb6-ef7f5b443188	2025-11-26	harian	tisu	15000	2025-11-26 09:32:38.967977	2025-11-26 09:32:38.967977	\N
413dc082-4d3b-4f7b-9faf-97f134d4848b	9ed2ac87-9bb1-4e57-afb6-ef7f5b443188	2025-11-26	harian	order papper A	110000	2025-11-26 09:32:39.396429	2025-11-26 09:32:39.396429	\N
2aeeabf1-04e2-4fad-9f8a-ab3f7f6bc531	9ed2ac87-9bb1-4e57-afb6-ef7f5b443188	2025-11-26	harian	uang makan	50000	2025-11-26 09:32:39.814885	2025-11-26 09:32:39.814885	\N
2e76d575-1884-4a48-8175-7f799ac5ad8c	b7918534-6a84-4822-9c2f-d783577d2b7a	2025-11-27	harian	kertas termal (20)	53000	2025-11-27 15:25:37.691135	2025-11-27 15:25:37.691135	\N
36a50d55-ecd6-4317-bf09-a44eb4c58cd4	9ed2ac87-9bb1-4e57-afb6-ef7f5b443188	2025-11-27	harian	adm setor tunai	1500	2025-11-27 15:30:56.380418	2025-11-27 15:30:56.380418	\N
a4c462e5-e91f-454b-b335-b0182d245bc6	9ed2ac87-9bb1-4e57-afb6-ef7f5b443188	2025-11-27	harian	uang makan 	50000	2025-11-27 15:30:56.878773	2025-11-27 15:30:56.878773	\N
6cc48556-7251-4f7e-ac7a-82340a58e21f	9ed2ac87-9bb1-4e57-afb6-ef7f5b443188	2025-11-28	harian	Listrik	100000	2025-11-28 02:00:37.819538	2025-11-28 02:00:37.819538	\N
55f29fdf-063b-451b-a638-860ff946cacd	9ed2ac87-9bb1-4e57-afb6-ef7f5b443188	2025-11-28	harian	uang makan	50000	2025-11-29 01:01:09.073357	2025-11-29 01:01:09.073357	\N
b832587b-382f-4c87-885b-1d9c4abfaa5f	9ed2ac87-9bb1-4e57-afb6-ef7f5b443188	2025-11-28	harian	bensin	20000	2025-11-29 01:01:09.834251	2025-11-29 01:01:09.834251	\N
110dcb85-f71c-4d1e-878c-1d72aa413ae3	b7918534-6a84-4822-9c2f-d783577d2b7a	2025-11-27	harian	uang makan	140000	2025-11-27 15:25:38.193507	2025-12-12 05:02:09.915	\N
5eff69a8-a87d-4466-9208-d25ab0d5001f	b7918534-6a84-4822-9c2f-d783577d2b7a	2025-11-28	harian	uang makan	140000	2025-11-29 00:50:40.58914	2025-12-12 05:02:28.005	\N
830494f7-b302-4f5c-8ad0-a1e5bb55f4a3	9ed2ac87-9bb1-4e57-afb6-ef7f5b443188	2025-11-28	harian	tisu	25900	2025-11-29 01:01:10.688156	2025-11-29 01:01:10.688156	\N
e5b1ca22-3cbf-4862-8cb1-502cd6892d64	b7918534-6a84-4822-9c2f-d783577d2b7a	2025-11-29	harian	bensin	30000	2025-11-29 17:49:42.509124	2025-11-29 17:49:42.509124	\N
9a7aa72f-484a-49e6-abfd-7dcf23c5e3de	b7918534-6a84-4822-9c2f-d783577d2b7a	2025-11-29	harian	tisu	45000	2025-11-29 17:49:42.934606	2025-11-29 17:49:42.934606	\N
eebd3b20-75d6-43d1-b39a-5d0c5a77510b	b7918534-6a84-4822-9c2f-d783577d2b7a	2025-11-29	harian	matcha	65000	2025-11-29 17:49:43.481344	2025-11-29 17:49:43.481344	\N
8df55fa9-7df2-439f-9738-61c9241eb85f	9ed2ac87-9bb1-4e57-afb6-ef7f5b443188	2025-11-29	harian	uang makan	50000	2025-11-29 17:53:44.797533	2025-11-29 17:53:44.797533	\N
4fc588c8-eccd-4125-b2f1-8cd8ac1db241	b7918534-6a84-4822-9c2f-d783577d2b7a	2025-11-30	harian	foto copy	49000	2025-12-01 02:28:18.748526	2025-12-01 02:28:18.748526	\N
0bdd4aba-51fb-40dc-8bed-a4c59ac52bb9	b7918534-6a84-4822-9c2f-d783577d2b7a	2025-11-30	harian	iuran RT	50000	2025-12-01 02:28:19.128109	2025-12-01 02:28:19.128109	\N
09b30146-6439-468e-8a8d-69301c51d375	9ed2ac87-9bb1-4e57-afb6-ef7f5b443188	2025-11-30	harian	uang makan	50000	2025-12-01 02:30:24.233862	2025-12-01 02:30:24.233862	\N
fab88ea3-0f9a-42bc-b034-9010dbadf5f0	b7918534-6a84-4822-9c2f-d783577d2b7a	2025-12-01	harian	plastik	40000	2025-12-01 16:15:18.961981	2025-12-01 16:15:18.961981	\N
2969751f-c959-4d4f-92a2-acaae519adfe	9ed2ac87-9bb1-4e57-afb6-ef7f5b443188	2025-12-01	harian	uang makan	50000	2025-12-02 02:40:05.363156	2025-12-02 02:40:05.363156	\N
1292e4b7-ea19-4635-9bf2-d7f7da2e08cb	9ed2ac87-9bb1-4e57-afb6-ef7f5b443188	2025-12-01	harian	admin setor tunai	1500	2025-12-02 02:40:05.732476	2025-12-02 02:40:05.732476	\N
5151ef68-62c6-4cba-a528-397f5a6a606c	9ed2ac87-9bb1-4e57-afb6-ef7f5b443188	2025-12-01	harian	pulsa	51000	2025-12-02 02:40:06.09904	2025-12-02 02:40:06.09904	\N
ff132d8c-ec90-4509-b65a-78fdeb59741d	9ed2ac87-9bb1-4e57-afb6-ef7f5b443188	2025-12-01	harian	uang minus tgl 30	25000	2025-12-02 02:40:06.483576	2025-12-02 02:40:06.483576	\N
cbbfbc54-d26f-40ec-a717-3b0d049fe67f	b7918534-6a84-4822-9c2f-d783577d2b7a	2025-12-03	harian	uang makan	140000	2025-12-04 02:00:26.532148	2025-12-12 05:03:54.265	\N
cdd3dc42-f996-4aa2-adb4-026bab92baea	b7918534-6a84-4822-9c2f-d783577d2b7a	2025-12-02	harian	Bensin	30000	2025-12-03 02:47:01.498717	2025-12-03 02:47:01.498717	\N
163a75f5-8a25-49ff-a0c7-fdea39dc1c79	9ed2ac87-9bb1-4e57-afb6-ef7f5b443188	2025-12-02	harian	admin setor tunai	1500	2025-12-03 02:49:25.68732	2025-12-03 02:49:25.68732	\N
205418a7-8d9c-446e-a679-4d8048eec072	9ed2ac87-9bb1-4e57-afb6-ef7f5b443188	2025-12-02	harian	tisu	26000	2025-12-03 02:49:26.105169	2025-12-03 02:49:26.105169	\N
177afd0b-bbc4-4d9b-b850-632ec63392b0	9ed2ac87-9bb1-4e57-afb6-ef7f5b443188	2025-12-02	harian	print	10500	2025-12-03 02:49:26.498356	2025-12-03 02:49:26.498356	\N
089f89a1-3a71-4d1e-a0be-222f62a3e8f8	9ed2ac87-9bb1-4e57-afb6-ef7f5b443188	2025-12-02	harian	ongkos ke tempat print	30000	2025-12-03 02:49:26.886117	2025-12-03 02:49:26.886117	\N
e9fa305b-6745-4989-ac14-d55367f4a175	9ed2ac87-9bb1-4e57-afb6-ef7f5b443188	2025-12-02	harian	uang makan	50000	2025-12-03 02:49:27.304675	2025-12-03 02:49:27.304675	\N
83db2235-7498-4d78-86c0-5bebc9a7de55	9ed2ac87-9bb1-4e57-afb6-ef7f5b443188	2025-12-03	harian	admin setor tunai	1500	2025-12-03 16:38:27.504332	2025-12-03 16:38:27.504332	\N
ecc72c2f-2271-4bdc-9ded-63354cff4716	9ed2ac87-9bb1-4e57-afb6-ef7f5b443188	2025-12-03	harian	uang makan	50000	2025-12-03 16:38:27.944383	2025-12-03 16:38:27.944383	\N
54f258b1-dee6-46b1-a029-57f6d9986dcb	b7918534-6a84-4822-9c2f-d783577d2b7a	2025-12-03	harian	cabelties	13000	2025-12-04 02:00:27.098198	2025-12-04 02:00:27.098198	\N
0f6cc7b5-1a87-4fbc-b19c-c66a9e2bb4f9	b7918534-6a84-4822-9c2f-d783577d2b7a	2025-12-03	harian	kuota	75000	2025-12-04 02:00:27.635628	2025-12-04 02:00:27.635628	\N
31311122-cd88-4897-aa67-3435e69a840b	9ed2ac87-9bb1-4e57-afb6-ef7f5b443188	2025-12-04	harian	admin setor tunai	1500	2025-12-05 02:38:34.846533	2025-12-05 02:38:34.846533	\N
e2373d7e-6e05-439c-8d07-65c8323d12fa	9ed2ac87-9bb1-4e57-afb6-ef7f5b443188	2025-12-04	harian	uang makan	50000	2025-12-05 02:38:35.283451	2025-12-05 02:38:35.283451	\N
ab2e4bfd-9b0c-4a97-8cae-d7bf173e40a3	b7918534-6a84-4822-9c2f-d783577d2b7a	2025-12-05	harian	plastik	40000	2025-12-06 01:05:46.00323	2025-12-06 01:05:46.00323	\N
1b8008da-d644-43b8-a3a5-03a5cbb26472	9ed2ac87-9bb1-4e57-afb6-ef7f5b443188	2025-12-05	harian	admin setor tunai	1500	2025-12-06 01:09:57.775996	2025-12-06 01:09:57.775996	\N
f78bfb2f-e4dd-4ab0-bfdf-4bbcd02f9194	9ed2ac87-9bb1-4e57-afb6-ef7f5b443188	2025-12-05	harian	ongkos	22000	2025-12-06 01:09:58.44733	2025-12-06 01:09:58.44733	\N
b86a899c-ed9c-41ab-9574-524f60bd59dd	9ed2ac87-9bb1-4e57-afb6-ef7f5b443188	2025-12-05	harian	uang makan	50000	2025-12-06 01:09:59.105047	2025-12-06 01:09:59.105047	\N
84580700-90da-44f7-9b6b-fcc1e0c49b55	b7918534-6a84-4822-9c2f-d783577d2b7a	2025-12-06	harian	tisu	43000	2025-12-06 17:51:05.310864	2025-12-06 17:51:05.310864	\N
36ad1595-1b92-4ed9-b5b7-e3c71feeff90	9ed2ac87-9bb1-4e57-afb6-ef7f5b443188	2025-12-06	harian	uang makan	50000	2025-12-06 17:52:20.491503	2025-12-06 17:52:20.491503	\N
7760194e-6f33-4ef5-8dbc-7da69bbe8682	9ed2ac87-9bb1-4e57-afb6-ef7f5b443188	2025-12-06	harian	admin setor tunai	1500	2025-12-06 17:52:20.907332	2025-12-06 17:52:20.907332	\N
0f511fbd-1f5d-4ea3-9c24-20fda1174adb	b7918534-6a84-4822-9c2f-d783577d2b7a	2025-12-07	harian	bensin	30000	2025-12-08 03:02:59.129934	2025-12-08 03:02:59.129934	\N
0bafaf00-dc1d-41fa-8e36-25453322e499	b7918534-6a84-4822-9c2f-d783577d2b7a	2025-12-07	harian	pulsa	12000	2025-12-08 03:02:59.501813	2025-12-08 03:02:59.501813	\N
1a762186-5351-487a-83ed-dab26b63e7ce	9ed2ac87-9bb1-4e57-afb6-ef7f5b443188	2025-12-07	harian	admin setor tunai	1500	2025-12-08 03:05:12.326843	2025-12-08 03:05:12.326843	\N
5f2806bb-48a7-47c0-b5d5-bf2695714b08	9ed2ac87-9bb1-4e57-afb6-ef7f5b443188	2025-12-07	harian	uang makan	50000	2025-12-08 03:05:12.730649	2025-12-08 03:05:12.730649	\N
5b09ed38-b344-48a9-929c-1bf2145f7b50	b7918534-6a84-4822-9c2f-d783577d2b7a	2025-12-08	harian	cling pembersih kaca	8500	2025-12-09 02:46:10.279059	2025-12-09 02:46:10.279059	\N
26f2b49c-9330-46d5-a52a-bd3a60a194fb	9ed2ac87-9bb1-4e57-afb6-ef7f5b443188	2025-12-08	harian	uang makan	50000	2025-12-09 02:48:45.818022	2025-12-09 02:48:45.818022	\N
1c42f33e-2fa7-4969-94ce-07ab9d4c17ea	b7918534-6a84-4822-9c2f-d783577d2b7a	2025-11-29	harian	uang makan	140000	2025-11-29 17:49:42.070588	2025-12-12 05:02:42.75	\N
b6d76541-8cd3-4011-99dd-3c33a3b76d66	b7918534-6a84-4822-9c2f-d783577d2b7a	2025-11-30	harian	uang makan	140000	2025-12-01 02:28:18.272333	2025-12-12 05:02:59.688	\N
69baeb06-8d6a-4ed4-a65b-6a8cb66018bf	b7918534-6a84-4822-9c2f-d783577d2b7a	2025-12-01	harian	uang makan	140000	2025-12-01 16:15:18.44612	2025-12-12 05:03:24.479	\N
6fb94fbe-97cc-46bf-970a-f903752d2b63	b7918534-6a84-4822-9c2f-d783577d2b7a	2025-12-02	harian	uang makan 	140000	2025-12-02 21:59:44.086719	2025-12-12 05:03:39.168	\N
be79c4ef-0434-47d9-b411-b42d81ddec70	b7918534-6a84-4822-9c2f-d783577d2b7a	2025-12-04	harian	uang makan	140000	2025-12-05 02:37:05.310101	2025-12-12 05:04:10.729	\N
cb8d15cb-0771-470a-9e5f-b98956b8cbf3	b7918534-6a84-4822-9c2f-d783577d2b7a	2025-12-05	harian	uang makan	140000	2025-12-06 01:05:46.645551	2025-12-12 05:04:28.231	\N
4fde5be6-0641-44a7-8181-ac917e54d00e	b7918534-6a84-4822-9c2f-d783577d2b7a	2025-12-06	harian	uang makan	140000	2025-12-06 17:51:05.95275	2025-12-12 05:04:52.59	\N
679c580a-c251-48e6-a658-c32d09c616c6	b7918534-6a84-4822-9c2f-d783577d2b7a	2025-12-07	harian	uang makan	140000	2025-12-08 03:02:58.689816	2025-12-12 05:05:15.734	\N
c698ca4b-54fb-4df6-a2e6-acb38b90014a	b7918534-6a84-4822-9c2f-d783577d2b7a	2025-12-08	harian	uang makan	140000	2025-12-09 02:46:09.889977	2025-12-12 05:05:36.372	\N
c2b1927d-fd1a-48ef-ad36-9dc675023544	9ed2ac87-9bb1-4e57-afb6-ef7f5b443188	2025-12-08	harian	admin setor tunai	1500	2025-12-09 02:48:46.201786	2025-12-09 02:48:46.201786	\N
93f04896-ea8d-4a31-b35b-50698064263c	9ed2ac87-9bb1-4e57-afb6-ef7f5b443188	2025-12-08	harian	tisu	26000	2025-12-09 02:48:46.5794	2025-12-09 02:48:46.5794	\N
f664a53d-8517-4da0-b42a-d8dfcacf7c16	b7918534-6a84-4822-9c2f-d783577d2b7a	2025-12-09	harian	platik 	40000	2025-12-10 03:16:28.948458	2025-12-10 03:16:28.948458	\N
350dbf8c-4858-4b9e-aefa-4f902c21c2b8	b7918534-6a84-4822-9c2f-d783577d2b7a	2025-12-09	bulanan	Bayar kos	1.2e+06	2025-12-10 03:17:27.351095	2025-12-10 03:17:27.351095	\N
3dc324e4-b2e0-405d-b78e-9db3e2c56200	9ed2ac87-9bb1-4e57-afb6-ef7f5b443188	2025-12-09	harian	Admin setor tunai	1500	2025-12-10 03:22:26.618544	2025-12-10 03:22:26.618544	\N
17b3c451-b302-420f-96e4-fe5837cf8470	9ed2ac87-9bb1-4e57-afb6-ef7f5b443188	2025-12-09	harian	tisu	26000	2025-12-10 03:22:26.989268	2025-12-10 03:22:26.989268	\N
9ebf234a-0d04-48dc-95ac-19bcbee86995	9ed2ac87-9bb1-4e57-afb6-ef7f5b443188	2025-12-09	harian	Uang makan	50000	2025-12-10 03:22:27.376812	2025-12-10 03:22:27.376812	\N
63238585-0f1e-41cf-a267-64bb6ea14faf	b7918534-6a84-4822-9c2f-d783577d2b7a	2025-12-10	harian	Cabel ties	19500	2025-12-10 16:07:55.030722	2025-12-10 16:07:55.030722	\N
06345e77-96d9-4a5c-a3e5-13604ec09b51	b7918534-6a84-4822-9c2f-d783577d2b7a	2025-12-10	harian	Plastik 	60000	2025-12-10 16:07:55.736916	2025-12-10 16:07:55.736916	\N
6167878a-4f0d-423e-8d58-56c9b863958d	9ed2ac87-9bb1-4e57-afb6-ef7f5b443188	2025-12-10	harian	Admin setor tunai 	1500	2025-12-10 16:10:29.018601	2025-12-10 16:10:29.018601	\N
67cd453b-5010-4fda-af84-fa3ebfa1ebd3	9ed2ac87-9bb1-4e57-afb6-ef7f5b443188	2025-12-10	harian	Ongkir pinjam dus A	12000	2025-12-10 16:10:29.641462	2025-12-10 16:10:29.641462	\N
2d797a42-aba3-457a-b0e4-3943e0355e1a	9ed2ac87-9bb1-4e57-afb6-ef7f5b443188	2025-12-10	harian	Uang makan	50000	2025-12-10 16:10:30.079785	2025-12-10 16:10:30.079785	\N
04498c9f-6ee8-4122-b0ae-c8cc5d5013e6	b7918534-6a84-4822-9c2f-d783577d2b7a	2025-12-11	harian	Sunlight	12000	2025-12-12 01:05:43.250928	2025-12-12 01:05:43.250928	\N
2896bac8-9ca1-4876-a229-459690fd454f	9ed2ac87-9bb1-4e57-afb6-ef7f5b443188	2025-12-11	harian	Admin setor tunai	1500	2025-12-12 01:09:15.742004	2025-12-12 01:09:15.742004	\N
cc5b011f-b7f7-41ba-b7f8-9650c3d79475	9ed2ac87-9bb1-4e57-afb6-ef7f5b443188	2025-12-11	harian	Foto copy	20000	2025-12-12 01:09:16.196048	2025-12-12 01:09:16.196048	\N
1eab6fba-8b75-45eb-a12a-d8f654ac1fe0	9ed2ac87-9bb1-4e57-afb6-ef7f5b443188	2025-12-11	harian	Uang makan	50000	2025-12-12 01:09:16.887781	2025-12-12 01:09:16.887781	\N
aad97b9a-9563-4642-ba50-406df5f0b87d	b7918534-6a84-4822-9c2f-d783577d2b7a	2025-11-26	harian	uang makan	140000	2025-11-27 02:39:46.970033	2025-12-12 05:01:47.044	\N
b0ff2b91-1d50-47ec-bc22-91c00f284398	b7918534-6a84-4822-9c2f-d783577d2b7a	2025-12-09	harian	Uang makan	140000	2025-12-10 03:23:07.393287	2025-12-12 05:05:55.576	\N
70e653b5-0a23-41f8-8d18-652959d1387c	b7918534-6a84-4822-9c2f-d783577d2b7a	2025-12-10	harian	Uang makan 	140000	2025-12-10 16:11:49.155609	2025-12-12 05:06:15.725	\N
fd4183a8-ba28-412a-ad80-69dee87233b7	b7918534-6a84-4822-9c2f-d783577d2b7a	2025-12-11	harian	Uang makan	140000	2025-12-12 01:05:44.638191	2025-12-12 05:06:32.546	\N
81af2e46-1ee8-4e5c-b36a-146053482c55	b7918534-6a84-4822-9c2f-d783577d2b7a	2025-12-12	harian	Uang makan1	140000	2025-12-12 19:00:37.675537	2025-12-12 19:00:37.675537	\N
69c20694-f575-43e0-89fb-193567470727	9ed2ac87-9bb1-4e57-afb6-ef7f5b443188	2025-12-12	harian	Tisu	1500	2025-12-12 19:03:03.609153	2025-12-12 19:03:03.609153	\N
0982b450-3383-4b08-b22c-431f9e3e57cb	9ed2ac87-9bb1-4e57-afb6-ef7f5b443188	2025-12-12	harian	Tisu	26000	2025-12-12 19:03:04.241878	2025-12-12 19:03:04.241878	\N
3f762ded-387b-4402-bee7-bc11a0557365	9ed2ac87-9bb1-4e57-afb6-ef7f5b443188	2025-12-12	harian	Uang makan	50000	2025-12-12 19:03:04.851681	2025-12-12 19:03:04.851681	\N
9e07af32-7e75-4fbe-98f3-6aba5eab26fa	b7918534-6a84-4822-9c2f-d783577d2b7a	2025-12-13	harian	Bensin	30000	2025-12-13 17:49:11.548356	2025-12-13 17:49:11.548356	\N
89fdb8ac-d8ca-4561-89b5-3cc61c73ba3b	b7918534-6a84-4822-9c2f-d783577d2b7a	2025-12-13	harian	Iuran masjid	50000	2025-12-13 17:49:12.187566	2025-12-13 17:49:12.187566	\N
178234c5-d23a-4ffb-8189-533be7e6a4a0	b7918534-6a84-4822-9c2f-d783577d2b7a	2025-12-13	harian	Uang makan	140000	2025-12-13 17:49:12.808034	2025-12-13 17:49:12.808034	\N
e47ce70d-7684-41cd-8a8c-41f78b5db2e5	9ed2ac87-9bb1-4e57-afb6-ef7f5b443188	2025-12-13	harian	Admin setor tunai	1500	2025-12-13 17:51:16.789006	2025-12-13 17:51:16.789006	\N
49b7bea3-a042-439f-8f69-c1334172498f	9ed2ac87-9bb1-4e57-afb6-ef7f5b443188	2025-12-13	harian	Uang makan	50000	2025-12-13 17:51:17.196158	2025-12-13 17:51:17.196158	\N
e369d36e-b2eb-49c4-a11f-498f7a0dd98f	b7918534-6a84-4822-9c2f-d783577d2b7a	2025-12-14	harian	Tisu	45000	2025-12-15 01:19:28.325916	2025-12-15 01:19:28.325916	\N
55e7b53a-71b6-4c9a-848c-823df66ae292	b7918534-6a84-4822-9c2f-d783577d2b7a	2025-12-14	harian	Kuota	75000	2025-12-15 01:19:28.95215	2025-12-15 01:19:28.95215	\N
0daf6d5f-454e-42b7-abf1-2af465a4f5e4	b7918534-6a84-4822-9c2f-d783577d2b7a	2025-12-14	harian	Uang makan	140000	2025-12-15 01:19:29.576662	2025-12-15 01:19:29.576662	\N
fe7c07de-3f27-40f1-b8ed-c0dc93c756e6	9ed2ac87-9bb1-4e57-afb6-ef7f5b443188	2025-12-14	harian	Admin setor tunai	1500	2025-12-15 01:21:42.778284	2025-12-15 01:21:42.778284	\N
4f28246f-6814-4ff6-8e63-b45b5dfd609c	9ed2ac87-9bb1-4e57-afb6-ef7f5b443188	2025-12-14	harian	Uang makan	50000	2025-12-15 01:21:43.194354	2025-12-15 01:21:43.194354	\N
edbb579e-7e26-4506-bc8f-e63786d56f46	b7918534-6a84-4822-9c2f-d783577d2b7a	2025-12-15	harian	Pulpen	10500	2025-12-16 01:29:06.570345	2025-12-16 01:29:06.570345	\N
325dd979-08b4-4596-8b15-34f4696f3f38	b7918534-6a84-4822-9c2f-d783577d2b7a	2025-12-15	harian	Plastik sampah	10500	2025-12-16 01:29:07.238905	2025-12-16 01:29:07.238905	\N
6c7f8341-8bd4-489c-af00-5b58b5eaf7d6	b7918534-6a84-4822-9c2f-d783577d2b7a	2025-12-15	harian	Ongkir	40000	2025-12-16 01:29:07.702887	2025-12-16 01:29:07.702887	\N
32f76279-d339-461a-954f-fce235c5ede3	b7918534-6a84-4822-9c2f-d783577d2b7a	2025-12-15	harian	Uang makan	140000	2025-12-16 01:29:08.403018	2025-12-16 01:29:08.403018	\N
27434163-311c-4ecc-a7c6-9433c5986eff	9ed2ac87-9bb1-4e57-afb6-ef7f5b443188	2025-12-15	harian	Admin setor tunai	1500	2025-12-16 01:32:06.558373	2025-12-16 01:32:06.558373	\N
ea032036-d3d4-4fbf-87f8-4ba0199eb9a5	9ed2ac87-9bb1-4e57-afb6-ef7f5b443188	2025-12-15	harian	Minusan tgl 14/12/25	9500	2025-12-16 01:32:06.983135	2025-12-16 01:32:06.983135	\N
f0115b63-0ee2-4c93-94c8-bd8623c7bdbb	9ed2ac87-9bb1-4e57-afb6-ef7f5b443188	2025-12-15	harian	Uang makan	50000	2025-12-16 01:32:07.638438	2025-12-16 01:32:07.638438	\N
8070e5c6-a1ef-4582-80c6-50b572c5bf7d	b7918534-6a84-4822-9c2f-d783577d2b7a	2025-12-17	harian	Ongkir pukis	31000	2025-12-17 16:52:55.366909	2025-12-17 16:52:55.366909	\N
a944e4c7-56ef-48de-ac9f-c5ac35f0c65f	b7918534-6a84-4822-9c2f-d783577d2b7a	2025-12-17	harian	Uang makan	140000	2025-12-17 16:52:56.050868	2025-12-17 16:52:56.050868	\N
59056760-6cde-431b-8f48-f250c292f19c	9ed2ac87-9bb1-4e57-afb6-ef7f5b443188	2025-12-17	harian	Admin setor tunai 	1500	2025-12-17 16:56:06.231801	2025-12-17 16:56:06.231801	\N
59a80e70-6a09-4886-b0fa-2256fb604394	9ed2ac87-9bb1-4e57-afb6-ef7f5b443188	2025-12-17	harian	Tisu	26000	2025-12-17 16:56:06.892672	2025-12-17 16:56:06.892672	\N
9ab102d7-a351-4dbb-8ec1-7e2c7e441afc	9ed2ac87-9bb1-4e57-afb6-ef7f5b443188	2025-12-17	harian	Uang makan 	50000	2025-12-17 16:56:07.624534	2025-12-17 16:56:07.624534	\N
\.


--
-- Data for Name: outlets; Type: TABLE DATA; Schema: public; Owner: -
--

COPY public.outlets (id, name, cogs_per_piece, created_at) FROM stdin;
b7918534-6a84-4822-9c2f-d783577d2b7a	PKB SABANG 	4500	2025-11-25 03:55:16.996667
9ed2ac87-9bb1-4e57-afb6-ef7f5b443188	PKB RS FATMAWATI	4500	2025-11-25 08:24:19.3642
\.


--
-- Data for Name: sales; Type: TABLE DATA; Schema: public; Owner: -
--

COPY public.sales (id, outlet_id, date, cash, qris, grab, gofood, shopee, tiktok, total_sold, remaining, returned, total_production, sold_out_time, created_at, updated_at) FROM stdin;
05506fd4-a3df-4c2e-b993-72792a4a6a45	9dffbe6d-59df-4c85-8e33-f564debc6773	2025-11-22	400000	250000	150000	0	0	0	230	15	0	245	15:45	2025-11-22 13:37:14.725454	2025-11-22 13:37:14.725454
2efb8965-28d7-446d-95dd-d5a1be38497b	29014201-58b2-445f-befb-d42d42b1d002	2025-11-24	100000	0	0	0	0	0	10	0	0	10		2025-11-24 13:16:12.074405	2025-11-24 13:16:12.074405
c56d0885-1b68-4903-bdd8-c5c9a0704d10	9dffbe6d-59df-4c85-8e33-f564debc6773	2025-11-24	50000	30000	0	0	0	0	10	5	0	15		2025-11-24 13:31:57.606139	2025-11-24 13:31:57.606139
06188d95-bd6e-4ece-84c1-918314493a66	9dffbe6d-59df-4c85-8e33-f564debc6773	2025-11-23	50000	50000	50000	50000	50000	50000	199	1	0	200	23:00	2025-11-24 13:38:15.914052	2025-11-24 13:38:15.914052
b237eff1-c91c-487d-80e6-590fd5cc6174	f865ca84-3056-4811-a71a-3df374daca73	2025-11-22	500000	500000	500000	500000	500000	500000	249	1	0	250	23:00	2025-11-24 13:46:23.910947	2025-11-24 13:46:23.910947
859d3cf7-86f8-4ab4-a40a-c0dded9100c6	efcaf995-999e-4627-8320-6d83160a453d	2025-11-07	1.344e+06	0	0	0	0	0	0	0	0	0		2025-11-25 03:57:04.187495	2025-11-25 03:57:04.187495
d5e862cb-4db5-409f-89c8-ae1122bac035	efcaf995-999e-4627-8320-6d83160a453d	2025-11-25	1e+06	500000	28000	100000	280000	60000	280	11	11	300	09:58	2025-11-25 03:58:49.381087	2025-11-25 03:58:49.381087
b5e9d75a-f43f-45c3-b205-ca7ab68c42e6	f865ca84-3056-4811-a71a-3df374daca73	2025-11-25	1e+06	500000	0	0	0	0	170	10	0	200		2025-11-25 04:01:13.785967	2025-11-25 04:01:13.785967
ad4cd134-81dc-4da3-a008-86510fcfec54	b7918534-6a84-4822-9c2f-d783577d2b7a	2025-11-11	405000	973000	1.0535e+06	830500	83700	84000	386	14	0	400	23:00	2025-11-25 04:35:35.52825	2025-11-25 04:35:35.52825
16ddc245-f4ac-446b-a5ed-77ef9d7705c8	b7918534-6a84-4822-9c2f-d783577d2b7a	2025-11-12	450000	1.444e+06	740000	0	216300	34000	352	0	0	352	17:05	2025-11-25 04:38:30.825559	2025-11-25 04:38:30.825559
d5c9f66a-6206-450e-a916-527eaed2cf1f	b7918534-6a84-4822-9c2f-d783577d2b7a	2025-11-13	1.145e+06	1.325e+06	147000	565000	43700	0	400	0	0	400	20:10	2025-11-25 04:55:03.480201	2025-11-25 04:55:03.480201
fb327d25-773d-457d-b424-b0d40a05b99c	b7918534-6a84-4822-9c2f-d783577d2b7a	2025-11-14	642000	1.851e+06	291500	513000	111800	34000	416	0	0	416	18:44	2025-11-25 04:57:47.034675	2025-11-25 04:57:47.034675
77db4d5a-10f5-431f-adf4-3ae804f7d800	b7918534-6a84-4822-9c2f-d783577d2b7a	2025-11-15	633000	344000	114000	451000	234000	40500	220	4	0	224	23:00	2025-11-25 05:06:50.362283	2025-11-25 05:06:50.362283
3185f9e2-bcea-4dc1-b9d3-d220737d15e9	b7918534-6a84-4822-9c2f-d783577d2b7a	2025-11-16	556000	329000	57000	254500	142144	0	181	11	0	192	23:00	2025-11-25 05:10:40.687917	2025-11-25 05:10:40.687917
3cc0bc71-f652-4ee1-9330-0149669f5dbd	b7918534-6a84-4822-9c2f-d783577d2b7a	2025-11-17	434000	501000	744500	559000	142600	45000	279	9	0	288	23:00	2025-11-26 07:50:04.860584	2025-11-26 07:50:04.860584
e04e4d77-d546-4a1c-a138-c785e01b6f3f	b7918534-6a84-4822-9c2f-d783577d2b7a	2025-11-18	536000	972000	687000	721500	0	21000	333	67	0	400	23:00	2025-11-26 07:53:34.622979	2025-11-26 07:53:34.622979
788061b8-748f-4c02-9cf1-168142ad1795	b7918534-6a84-4822-9c2f-d783577d2b7a	2025-11-19	310000	853000	431000	956000	486200	0	352	0	0	352	17:30	2025-11-26 07:55:52.857604	2025-11-26 07:55:52.857604
f866a9e2-6d6e-4b7f-a776-08efa74693d0	b7918534-6a84-4822-9c2f-d783577d2b7a	2025-11-20	299000	1.089e+06	290500	1.424e+06	244800	97500	400	0	0	400	20:24	2025-11-26 07:57:51.285714	2025-11-26 07:57:51.285714
101eb6d6-efd3-4195-8f6f-42ef7ad79ab3	b7918534-6a84-4822-9c2f-d783577d2b7a	2025-11-21	588000	1.877e+06	278000	280000	174800	61500	409	0	0	409	21:00	2025-11-26 08:01:08.26071	2025-11-26 08:01:08.26071
163f631d-181e-49c1-9ea7-2157164090f3	b7918534-6a84-4822-9c2f-d783577d2b7a	2025-11-22	268000	446000	120000	604000	0	34000	170	22	0	192	23:00	2025-11-26 08:03:09.727166	2025-11-26 08:03:09.727166
f03d8f6a-1964-4414-b278-b9a437629ca9	b7918534-6a84-4822-9c2f-d783577d2b7a	2025-11-23	547000	341000	184000	171000	75660	50000	168	24	0	192	23:00	2025-11-26 08:05:11.783455	2025-11-26 08:05:11.783455
2b133754-cbfa-4c31-a908-1ed80c0e602f	b7918534-6a84-4822-9c2f-d783577d2b7a	2025-11-24	278000	711000	1.034e+06	259500	0	0	270	18	0	288	23:00	2025-11-26 08:10:34.936649	2025-11-26 08:10:34.936649
4b529eea-c37d-40aa-b678-eac3c005d322	b7918534-6a84-4822-9c2f-d783577d2b7a	2025-11-25	800000	1.01e+06	861500	461000	133272	0	391	9	0	400	23:00	2025-11-26 08:20:57.383682	2025-11-26 08:20:57.383682
aceadf9e-dcb2-4824-a5aa-d9635d17b3e4	9ed2ac87-9bb1-4e57-afb6-ef7f5b443188	2025-11-07	1.344e+06	168000	0	0	0	0	192	0	0	192	13:15	2025-11-26 08:24:14.988252	2025-11-26 08:24:14.988252
c692e5ce-8615-49d5-9e29-c33567de6652	9ed2ac87-9bb1-4e57-afb6-ef7f5b443188	2025-11-08	80000	63500	325500	0	0	0	49	47	0	96	17:00	2025-11-26 08:26:27.777657	2025-11-26 08:26:27.777657
383ccd9a-c3d2-4ee0-afad-9730d130f100	9ed2ac87-9bb1-4e57-afb6-ef7f5b443188	2025-11-09	46000	116000	167000	0	0	0	37	59	0	96	17:00	2025-11-26 08:30:18.38244	2025-11-26 08:30:18.38244
8b2de42d-b413-475f-8289-1a16478e59bb	9ed2ac87-9bb1-4e57-afb6-ef7f5b443188	2025-11-10	436000	488000	325500	133500	0	0	160	0	0	160	12:33	2025-11-26 08:42:34.455479	2025-11-26 08:42:34.455479
e3e50ee2-c86d-45d4-bdf0-a248cf04a83b	9ed2ac87-9bb1-4e57-afb6-ef7f5b443188	2025-11-11	803000	888000	0	63000	0	0	216	8	0	224	17:00	2025-11-26 08:46:09.189298	2025-11-26 08:46:09.189298
d698a1d8-fcb7-46b4-92a8-35f2d60f1332	9ed2ac87-9bb1-4e57-afb6-ef7f5b443188	2025-11-12	900000	789000	0	315000	0	0	245	11	0	256	17:00	2025-11-26 08:50:17.740032	2025-11-26 08:50:17.740032
c31e7210-236e-40c8-acd8-ad681dde0c6d	9ed2ac87-9bb1-4e57-afb6-ef7f5b443188	2025-11-13	658000	1.072e+06	210000	0	0	0	238	18	0	256	17:00	2025-11-26 08:52:29.136323	2025-11-26 08:52:29.136323
6c2330b6-bf53-498b-a051-36293d4c0ec8	9ed2ac87-9bb1-4e57-afb6-ef7f5b443188	2025-11-14	652000	1.002e+06	63000	0	0	0	217	39	0	256	17:00	2025-11-26 08:54:17.163264	2025-11-26 08:54:17.163264
71002b88-5af9-45cd-af0e-a1ac1da9a328	9ed2ac87-9bb1-4e57-afb6-ef7f5b443188	2025-11-15	77000	200000	397000	31500	0	0	76	4	0	80	17:00	2025-11-26 08:56:01.268444	2025-11-26 08:56:01.268444
8deca05b-b876-4fdf-8e6e-051d99ed0994	9ed2ac87-9bb1-4e57-afb6-ef7f5b443188	2025-11-16	147000	188000	126000	0	0	0	53	27	0	80	17:00	2025-11-26 08:57:39.625274	2025-11-26 08:57:39.625274
3dbcfc5e-d253-433b-9319-0fdfb4c77a37	9ed2ac87-9bb1-4e57-afb6-ef7f5b443188	2025-11-17	935000	841000	157500	0	0	0	239	17	0	256	17:00	2025-11-26 09:01:01.570906	2025-11-26 09:01:01.570906
8acbdf03-8825-42e6-bd38-4f1bc68441e0	9ed2ac87-9bb1-4e57-afb6-ef7f5b443188	2025-11-18	1.125e+06	949000	0	0	0	0	258	14	0	272	17:00	2025-11-26 09:02:27.223413	2025-11-26 09:02:27.223413
f5cd3ad2-5f9c-4279-b0e5-8a90834681f3	9ed2ac87-9bb1-4e57-afb6-ef7f5b443188	2025-11-19	1.124e+06	783000	0	160000	0	0	240	16	0	256	17:00	2025-11-26 09:05:01.323237	2025-11-26 09:05:01.323237
496c8b22-3128-4034-9d6d-5fc70a6670cb	9ed2ac87-9bb1-4e57-afb6-ef7f5b443188	2025-11-20	804000	891000	126000	0	0	0	226	30	0	256	17:00	2025-11-26 09:08:00.062409	2025-11-26 09:08:00.062409
ea3d8b0e-cfd9-4d91-921d-bbe954dcfe1b	9ed2ac87-9bb1-4e57-afb6-ef7f5b443188	2025-11-21	947000	839000	184000	114000	0	0	256	0	0	256	16:13	2025-11-26 09:15:34.136266	2025-11-26 09:15:34.136266
fed5447b-b168-42db-8d36-a256ee944c19	9ed2ac87-9bb1-4e57-afb6-ef7f5b443188	2025-11-22	195000	142000	189000	202500	0	0	74	6	0	80	17:00	2025-11-26 09:25:13.812557	2025-11-26 09:25:13.812557
0276877b-47f9-4918-9637-4fefeb6ff5d1	9ed2ac87-9bb1-4e57-afb6-ef7f5b443188	2025-11-23	135000	145000	252000	0	0	0	61	19	0	80	17:00	2025-11-26 09:26:55.379515	2025-11-26 09:26:55.379515
0ff2486d-ad9d-4f16-a3c2-3317e58951ad	9ed2ac87-9bb1-4e57-afb6-ef7f5b443188	2025-11-24	1.295e+06	767000	0	0	0	0	261	11	0	271	17:00	2025-11-26 09:28:21.647558	2025-11-26 09:28:21.647558
35f55f92-5b32-49e6-8c15-d5c438a329c8	9ed2ac87-9bb1-4e57-afb6-ef7f5b443188	2025-11-25	1.089e+06	680000	126000	228000	0	0	255	17	0	272	17:00	2025-11-26 09:29:48.669128	2025-11-26 09:29:48.669128
112ccfa6-b4c7-4c8f-b638-df291bc449bd	9ed2ac87-9bb1-4e57-afb6-ef7f5b443188	2025-11-26	783000	1.099e+06	189000	0	0	0	256	0	0	256	14:10	2025-11-26 09:32:37.43308	2025-11-26 09:32:37.43308
37b5d1f5-b34c-4049-b6e4-5dcae957c087	b7918534-6a84-4822-9c2f-d783577d2b7a	2025-11-26	374000	1.008e+06	433000	848000	68100	26000	320	0	0	320	17:00	2025-11-27 02:39:46.462838	2025-11-27 02:39:46.462838
eb56cd26-cc47-4b27-8209-630f514de3cc	b7918534-6a84-4822-9c2f-d783577d2b7a	2025-11-27	983000	604000	196500	1.009e+06	246400	21000	368	0	0	368	18:01	2025-11-27 15:25:36.438518	2025-11-27 15:25:36.438518
856a52c6-655c-47a7-b0c4-72485bafc502	9ed2ac87-9bb1-4e57-afb6-ef7f5b443188	2025-11-27	962000	680000	157500	0	0	0	225	31	0	256	17:00	2025-11-27 15:30:55.7998	2025-11-27 15:30:55.7998
a0ccb0d2-1e08-4879-9d62-fc51fa7bab29	b7918534-6a84-4822-9c2f-d783577d2b7a	2025-11-28	552000	390000	931000	1.0165e+06	257100	0	354	14	0	368	23:00	2025-11-29 00:50:37.177228	2025-11-29 00:50:37.177228
0c08d389-cca5-4d66-8f5e-04d732bd4d97	9ed2ac87-9bb1-4e57-afb6-ef7f5b443188	2025-11-28	961000	710000	360000	0	0	0	247	25	0	272	17:00	2025-11-29 01:01:07.295141	2025-11-29 01:01:07.295141
b6cb841f-85e5-4288-a864-721552d1963b	b7918534-6a84-4822-9c2f-d783577d2b7a	2025-11-29	529000	750000	115500	349000	42700	0	214	10	0	224	23:00	2025-11-29 17:49:38.286361	2025-11-29 17:49:38.286361
6620db20-e2c1-4ceb-9742-f702b5ec88c5	9ed2ac87-9bb1-4e57-afb6-ef7f5b443188	2025-11-29	96000	315000	228000	57000	0	0	79	1	0	80	17:00	2025-11-29 17:53:44.201044	2025-11-29 17:53:44.201044
1e05ee40-02ce-4ec6-8213-f31df1fe8f7c	b7918534-6a84-4822-9c2f-d783577d2b7a	2025-11-30	686000	669000	178500	137000	0	21000	205	19	0	224	23:00	2025-12-01 02:28:17.369658	2025-12-01 02:28:17.369658
27481a54-a8b3-49e9-b088-7af28b9008b8	9ed2ac87-9bb1-4e57-afb6-ef7f5b443188	2025-11-30	25000	108000	0	128500	0	0	29	67	0	96	17:00	2025-12-01 02:30:23.818457	2025-12-01 02:30:23.818457
37c8ed04-0f11-493d-aad9-045ac1c857f1	b7918534-6a84-4822-9c2f-d783577d2b7a	2025-12-01	465000	697000	270000	755000	178360	39000	288	0	0	288	21:32	2025-12-01 16:15:15.423752	2025-12-01 16:15:15.423752
b7d980c5-6427-421e-9846-ba4789533a9c	9ed2ac87-9bb1-4e57-afb6-ef7f5b443188	2025-12-01	954000	674000	0	114000	0	0	238	18	0	238	17:00	2025-12-02 02:40:04.440975	2025-12-02 02:40:04.440975
f7bd23ad-5545-4750-a54d-307aa9124719	b7918534-6a84-4822-9c2f-d783577d2b7a	2025-12-02	711000	1.281e+06	767500	642000	0	20400	400	0	0	400	21:43	2025-12-02 01:15:06.720447	2025-12-03 02:45:21.851
878abb79-45c4-4b9f-bbde-540d05c5f414	9ed2ac87-9bb1-4e57-afb6-ef7f5b443188	2025-12-02	1.024e+06	862000	0	0	0	0	237	35	0	272	17:00	2025-12-03 02:49:25.174236	2025-12-03 02:49:25.174236
950b2a91-38c0-4e7d-a6a6-2e63cc468740	9ed2ac87-9bb1-4e57-afb6-ef7f5b443188	2025-12-03	946000	953000	105000	57000	0	0	256	0	0	256	16:15	2025-12-03 16:38:24.200415	2025-12-03 16:38:24.200415
364c2904-abc8-46d9-8a13-d33995d4ec7b	b7918534-6a84-4822-9c2f-d783577d2b7a	2025-12-03	1.151e+06	1.01e+06	21000	398000	119200	40500	337	15	0	352	23:00	2025-12-04 02:00:25.444474	2025-12-04 02:00:25.444474
7281fb8e-987d-46a1-a11e-d381d18f5cfb	b7918534-6a84-4822-9c2f-d783577d2b7a	2025-12-04	933000	1.148e+06	63000	645500	178300	0	359	41	0	400	23:00	2025-12-05 02:37:02.262791	2025-12-05 02:37:02.262791
b08a803a-8845-454e-a800-403d505a6df7	9ed2ac87-9bb1-4e57-afb6-ef7f5b443188	2025-12-04	1.007e+06	704000	126000	0	0	0	244	12	0	256	17:00	2025-12-05 02:38:34.379825	2025-12-05 02:38:34.379825
73e0d554-f852-4a97-b780-3c727cd39259	b7918534-6a84-4822-9c2f-d783577d2b7a	2025-12-05	553000	1.153e+06	171500	213500	521300	20400	317	93	0	416	23:00	2025-12-06 01:05:42.778414	2025-12-06 01:05:42.778414
133c31b8-e8a1-4764-92ce-53900e6b44b6	9ed2ac87-9bb1-4e57-afb6-ef7f5b443188	2025-12-05	915000	769000	0	0	0	0	233	23	0	256	17:00	2025-12-06 01:09:57.015336	2025-12-06 01:09:57.015336
865f6d19-43ce-4320-914e-3083a37a3427	b7918534-6a84-4822-9c2f-d783577d2b7a	2025-12-06	730000	441000	0	509500	0	20400	212	12	0	224		2025-12-06 17:51:04.146947	2025-12-06 17:51:04.146947
20d8f25b-db6f-4ce9-8229-f9b78cc283ab	9ed2ac87-9bb1-4e57-afb6-ef7f5b443188	2025-12-06	50000	379000	41000	92500	0	0	67	13	0	80		2025-12-06 17:52:19.792235	2025-12-06 17:52:19.792235
9d00a642-cedc-4aa3-a0e5-d76a474e029f	b7918534-6a84-4822-9c2f-d783577d2b7a	2025-12-07	728000	431000	210000	0	142201	0	192	0	0	192	23:00	2025-12-08 03:02:57.865737	2025-12-08 03:02:57.865737
c0a360af-624a-4296-939e-773f370694e1	9ed2ac87-9bb1-4e57-afb6-ef7f5b443188	2025-12-07	124000	65000	62000	296000	0	0	60	20	0	80	17:00	2025-12-08 03:05:11.894389	2025-12-08 03:05:11.894389
6dd88178-7905-4931-b468-bc2f48eef519	b7918534-6a84-4822-9c2f-d783577d2b7a	2025-12-08	351000	539000	504500	712000	217409	81900	304	0	0	304	20:03	2025-12-09 02:46:08.910556	2025-12-09 02:46:08.910556
60b80907-ef84-471d-9518-26120098106b	9ed2ac87-9bb1-4e57-afb6-ef7f5b443188	2025-12-08	771000	654000	0	0	0	0	180	76	0	256	17:00	2025-12-09 02:48:45.379897	2025-12-09 02:48:45.379897
0da0a684-e1ea-40ea-b828-550742e0b1af	b7918534-6a84-4822-9c2f-d783577d2b7a	2025-12-09	551000	1.436e+06	447000	1.012e+06	118400	0	416	0	0	416	18:37	2025-12-09 03:30:08.937853	2025-12-10 03:15:22.17
5d334f67-3520-4549-ac48-95a2bfe9ee22	9ed2ac87-9bb1-4e57-afb6-ef7f5b443188	2025-12-09	771000	654000	0	0	0	0	180	76	0	256	17:00	2025-12-10 03:22:26.090548	2025-12-10 03:22:26.090548
20719b44-8e37-4001-b6e5-d3be3a14f428	b7918534-6a84-4822-9c2f-d783577d2b7a	2025-12-10	728000	635000	1.0945e+06	342000	212400	0	352	0	0	352	16:25	2025-12-10 16:07:53.501306	2025-12-10 16:07:53.501306
fc08fc4f-c90b-48a4-98ac-022a8c34983a	9ed2ac87-9bb1-4e57-afb6-ef7f5b443188	2025-12-10	756000	1.27e+06	0	0	0	0	256	0	0	256	14:39	2025-12-10 16:10:28.234094	2025-12-10 16:10:28.234094
1d1d198f-80fa-4152-b960-fe0fcd198547	b7918534-6a84-4822-9c2f-d783577d2b7a	2025-12-11	932000	1.258e+06	348000	285000	246400	25900	384	0	0	384	22:31	2025-12-12 01:05:40.229339	2025-12-12 01:05:40.229339
c7c5eab0-5819-4955-acdb-dec9ead0b2dd	9ed2ac87-9bb1-4e57-afb6-ef7f5b443188	2025-12-11	898000	849000	52500	244500	0	0	250	6	0	256	17:00	2025-12-12 01:09:15.018159	2025-12-12 01:09:15.018159
2f7da26d-017f-46e7-a789-033814fc16e9	b7918534-6a84-4822-9c2f-d783577d2b7a	2025-12-12	695000	1.008e+06	345000	57000	51093	0	267	53	0	320	23:00	2025-12-12 19:00:36.590443	2025-12-12 19:00:36.590443
16255cbf-302b-4680-9355-0d3808bfa3e3	9ed2ac87-9bb1-4e57-afb6-ef7f5b443188	2025-12-12	936000	754000	0	0	0	0	215	41	0	256	17:00	2025-12-12 19:03:02.796418	2025-12-12 19:03:02.796418
c950a6fa-c7ce-4b1a-8422-ce78be4d0d76	b7918534-6a84-4822-9c2f-d783577d2b7a	2025-12-13	639000	346000	355500	319500	51000	53500	215	9	0	224	23:00	2025-12-13 17:49:10.487758	2025-12-13 17:49:10.487758
f560d2cf-1c57-4add-972f-a7c6f65fe1da	9ed2ac87-9bb1-4e57-afb6-ef7f5b443188	2025-12-13	126000	158000	63000	0	0	0	42	54	0	96	17:00	2025-12-13 17:51:16.003775	2025-12-13 17:51:16.003775
3390e1c6-8842-4aeb-bd1b-b0a314ee6f43	b7918534-6a84-4822-9c2f-d783577d2b7a	2025-12-14	445000	337000	42000	301000	0	121800	155	37	0	192	23:00	2025-12-15 01:19:25.077034	2025-12-15 01:19:25.077034
84aa95db-0254-45f1-b011-386c1c864cbd	9ed2ac87-9bb1-4e57-afb6-ef7f5b443188	2025-12-14	42000	83000	116490	53490	0	0	33	63	0	96	17:00	2025-12-15 01:21:42.095542	2025-12-15 01:21:42.095542
e3a0d918-1690-4ba8-b0e5-1b11e5a5e6cc	b7918534-6a84-4822-9c2f-d783577d2b7a	2025-12-15	826000	770000	483500	608000	270480	208400	378	37	0	415	23:00	2025-12-16 01:29:05.259142	2025-12-16 01:29:05.259142
3c780d62-e5c1-4ce1-abd1-e6a7cbca0c8b	9ed2ac87-9bb1-4e57-afb6-ef7f5b443188	2025-12-15	998000	608000	21000	0	0	0	204	4	0	208	17:00	2025-12-16 01:32:05.885979	2025-12-16 01:32:05.885979
f4728bf3-2cce-4b16-ad6a-da8f8d8eed2c	b7918534-6a84-4822-9c2f-d783577d2b7a	2025-12-17	918000	957000	696000	1.23e+06	0	0	447	0	0	447	19:25	2025-12-17 16:52:52.168442	2025-12-17 16:52:52.168442
f022b6e0-8c73-489b-9269-cd1df4426d55	9ed2ac87-9bb1-4e57-afb6-ef7f5b443188	2025-12-17	764000	766000	42000	114000	0	0	204	52	0	256	17:00	2025-12-17 16:56:05.451467	2025-12-17 16:56:05.451467
\.


--
-- Data for Name: sessions; Type: TABLE DATA; Schema: public; Owner: -
--

COPY public.sessions (sid, sess, expire) FROM stdin;
HbqHgkKRCSokP-G2BX4MT3a_-ihH2mLz	{"cookie": {"path": "/", "secure": false, "expires": "2025-12-01T12:35:17.675Z", "httpOnly": true, "originalMaxAge": 604800000}, "passport": {"user": {"claims": {"aud": "81eb0aa9-cb56-4c23-830d-e0a20da4d7e6", "exp": 1763991317, "iat": 1763987717, "iss": "https://test-mock-oidc.replit.app/", "jti": "112b59c6fca923bb16fb316fb5139712", "sub": "cd7g9x", "email": "owner3QkS5V@example.com", "auth_time": 1763987717, "last_name": "Owner", "first_name": "Test"}, "expires_at": 1763991317, "access_token": "eyJhbGciOiJSUzI1NiIsInR5cCI6IkpXVCIsImtpZCI6Ijc4MDgyZTlmZjVhOTA1YjIifQ.eyJpc3MiOiJodHRwczovL3Rlc3QtbW9jay1vaWRjLnJlcGxpdC5hcHAvIiwiaWF0IjoxNzYzOTg3NzE3LCJleHAiOjE3NjM5OTEzMTcsInN1YiI6ImNkN2c5eCIsImVtYWlsIjoib3duZXIzUWtTNVZAZXhhbXBsZS5jb20iLCJmaXJzdF9uYW1lIjoiVGVzdCIsImxhc3RfbmFtZSI6Ik93bmVyIn0.H8rmiNYUCLxzCCDDOhVc-LRccOHMhnTxNGMtKNGrS9CKMaet9nzFlGQzwHCbq7OMP90DGIfkQsz7WLV9N4NXQfRCEKxfLsKPEMmt6SUegL3nS_EmSpeNzojfc1f2VCKcqADJUAJtcU_PpErBJ4TXgsjWo1iSSTkP57zCCDDhQVzcmgJViX7Fq5gxoARWiEVSMmt2HtLNUhpS3S_Ot_XNFBUPXD1mCK8PWXSuW9sZHqtcuu5eTvIoXHcrdLp3WNl3UL-5JQ1SGtSA_AJJ0pQixsecMmR71FBEELlNAFikRmFt4LzNeeh5fVLSeTWjW5GNYMT5drZ5iVZ3VYttMkMUng", "refresh_token": "eyJzdWIiOiJjZDdnOXgiLCJlbWFpbCI6Im93bmVyM1FrUzVWQGV4YW1wbGUuY29tIiwiZmlyc3RfbmFtZSI6IlRlc3QiLCJsYXN0X25hbWUiOiJPd25lciJ9"}}}	2025-12-01 12:35:28
124AB8mp70wXctO6A6Moq3raSYBoAGZ4	{"cookie": {"path": "/", "secure": false, "expires": "2025-12-04T04:11:10.502Z", "httpOnly": true, "originalMaxAge": 604800000}, "passport": {"user": {"claims": {"aud": "81eb0aa9-cb56-4c23-830d-e0a20da4d7e6", "exp": 1764220270, "iat": 1764216670, "iss": "https://replit.com/oidc", "sub": "50054785", "email": "farah@jaskapital.com", "at_hash": "cvSTXbatxkKoO_elGOqFNw", "username": "farah57", "auth_time": 1763992303, "last_name": "annisa", "first_name": "farah"}, "expires_at": 1764220270, "access_token": "m-zdp990Bt0NQmUFbL7z6_BdgEtegYfOmvKJL5YGwAh", "refresh_token": "oXv9KKC1u6L8W-s024qjl8bWbxNfDkY9F2w4Sny_ZeZ"}}}	2025-12-04 04:50:12
vDvnj3q1HOiSHOsAIqkYen4UBloVAew_	{"cookie": {"path": "/", "secure": false, "expires": "2025-12-01T13:14:58.780Z", "httpOnly": true, "originalMaxAge": 604800000}, "passport": {"user": {"claims": {"aud": "81eb0aa9-cb56-4c23-830d-e0a20da4d7e6", "exp": 1763993698, "iat": 1763990098, "iss": "https://test-mock-oidc.replit.app/", "jti": "49d774bb7ef45ce5c787f7214bf27858", "sub": "6rKmBY", "email": "testuserpK7Dp2@example.com", "auth_time": 1763990098, "last_name": "User", "first_name": "Test"}, "expires_at": 1763993698, "access_token": "eyJhbGciOiJSUzI1NiIsInR5cCI6IkpXVCIsImtpZCI6Ijc4MDgyZTlmZjVhOTA1YjIifQ.eyJpc3MiOiJodHRwczovL3Rlc3QtbW9jay1vaWRjLnJlcGxpdC5hcHAvIiwiaWF0IjoxNzYzOTkwMDk4LCJleHAiOjE3NjM5OTM2OTgsInN1YiI6IjZyS21CWSIsImVtYWlsIjoidGVzdHVzZXJwSzdEcDJAZXhhbXBsZS5jb20iLCJmaXJzdF9uYW1lIjoiVGVzdCIsImxhc3RfbmFtZSI6IlVzZXIifQ.TVXmWZZgIrxklIskX86xMmJCYQMUpRJMt1q6icnaaZB9tL_fQrYSjWsrnafuBpiKmesbdN9q_eArmjjUyr-KkE6ehRsgmxkG1rRXzHKx5HRkGEsL_leDtQPccpXAgIum3rG3lH5Q-D9S8IPmrGoE9sYnWUy0ef9JXufSFxurxHD_6g8oOX7lbsloP4z9pVuICJ0-3QU4NMPO_GpSKzgX42OSqD-8XC9RnjK5d7qz5b87frufh6Xc6vOqbIfp-dP-LeKCM4bM69kxOWYxbxLWV94UqjIRfTumqD9o1zO9jgP6eZfqotZHxn3v72mNmW5ezlCe3WvT571F9nkz4-8ORQ", "refresh_token": "eyJzdWIiOiI2ckttQlkiLCJlbWFpbCI6InRlc3R1c2VycEs3RHAyQGV4YW1wbGUuY29tIiwiZmlyc3RfbmFtZSI6IlRlc3QiLCJsYXN0X25hbWUiOiJVc2VyIn0"}}}	2025-12-01 13:19:20
kkzzI5_eVzL9yqOGZwqId2MzfTMx6Iv5	{"cookie": {"path": "/", "secure": false, "expires": "2025-12-01T12:36:41.228Z", "httpOnly": true, "originalMaxAge": 604800000}, "passport": {"user": {"claims": {"aud": "81eb0aa9-cb56-4c23-830d-e0a20da4d7e6", "exp": 1763991400, "iat": 1763987800, "iss": "https://test-mock-oidc.replit.app/", "jti": "83fc356c3215409aa5b80d0afcf17c1a", "sub": "aLrZl0", "email": "ownerKdH5Zk@example.com", "auth_time": 1763987800, "last_name": "Owner", "first_name": "Test"}, "expires_at": 1763991400, "access_token": "eyJhbGciOiJSUzI1NiIsInR5cCI6IkpXVCIsImtpZCI6Ijc4MDgyZTlmZjVhOTA1YjIifQ.eyJpc3MiOiJodHRwczovL3Rlc3QtbW9jay1vaWRjLnJlcGxpdC5hcHAvIiwiaWF0IjoxNzYzOTg3ODAwLCJleHAiOjE3NjM5OTE0MDAsInN1YiI6ImFMclpsMCIsImVtYWlsIjoib3duZXJLZEg1WmtAZXhhbXBsZS5jb20iLCJmaXJzdF9uYW1lIjoiVGVzdCIsImxhc3RfbmFtZSI6Ik93bmVyIn0.vEaI0sAt5X5CqaeyEq7qJwzltZeLD60EE1NBdGMnPdh5QGILteLdAC-dP3ed69n12gyGCdVYZQMvMD3JxrK6_MErzyO8BIzzeaBI102m0yc8SuVI4jwQFVjlEwMC-TlZaFMRIbIEv_LSMxkCqsAoLBFnvwmZuD1upxGOVSRePcCUs7k_gDUHQpHvTURotBUmp8IBLLyM2btTDIoTEeExzUsN_qH-ICDarNiUjguX6QSf5l3S-MJDSqI5z4NaJUMdm2n9dGTsomRitUmAZFRYcyozBunOvJJOLmLDh0muOaqxkEWYWEmYAqmrT9d07TM2JsL5BZJnh9f3nrHVbD1Vag", "refresh_token": "eyJzdWIiOiJhTHJabDAiLCJlbWFpbCI6Im93bmVyS2RINVprQGV4YW1wbGUuY29tIiwiZmlyc3RfbmFtZSI6IlRlc3QiLCJsYXN0X25hbWUiOiJPd25lciJ9"}}}	2025-12-01 12:36:51
WYWuvk1sozfWZjmukrJ72b-jdqBk8ZAM	{"cookie": {"path": "/", "secure": false, "expires": "2025-12-02T06:12:56.661Z", "httpOnly": true, "originalMaxAge": 604800000}, "passport": {"user": {"claims": {"aud": "81eb0aa9-cb56-4c23-830d-e0a20da4d7e6", "exp": 1764054776, "iat": 1764051176, "iss": "https://replit.com/oidc", "sub": "11146866", "email": "andrewwvidianto@gmail.com", "at_hash": "6i1W01ejk2uWnlMdQRZdmQ", "username": "Andrew-WilbertW", "auth_time": 1764051174, "last_name": "Wilbert", "first_name": "Andrew Wilbert"}, "expires_at": 1764054776, "access_token": "keXduQlekyFomQSFXgYU2c8bmHzT53unmt--qQ_Cy5f", "refresh_token": "9fU0tEYHeenNEwTxhcOdztN8oy0ScTHeS0xiPvNQ7su"}}}	2025-12-02 06:13:26
iRJ8sHi3-IcC7UYQP1_rwhqCRiM4cxhR	{"cookie": {"path": "/", "secure": false, "expires": "2025-12-04T04:14:18.256Z", "httpOnly": true, "originalMaxAge": 604800000}, "passport": {"user": {"claims": {"aud": "81eb0aa9-cb56-4c23-830d-e0a20da4d7e6", "exp": 1764220458, "iat": 1764216858, "iss": "https://replit.com/oidc", "sub": "49945456", "email": "vennia@jaskapital.com", "at_hash": "sUymk_6ALf1u8SpwDN6zKg", "username": "vennia", "auth_time": 1763990988, "last_name": null, "first_name": "Vennia"}, "expires_at": 1764220458, "access_token": "RWhcYm2qNbEJTWTLJbNLiLQ0ek6QFC8pKi2CiH5wxhH", "refresh_token": "9Jz6eIcvfcl_OsGEiayvH8CJ5gwPdGEK4BV2aX6mSOj"}}}	2025-12-04 05:03:28
Tsj496nZJlTxaonXFBQ1A1L0wXBRIor_	{"cookie": {"path": "/", "secure": false, "expires": "2025-12-01T12:38:55.617Z", "httpOnly": true, "originalMaxAge": 604800000}, "passport": {"user": {"claims": {"aud": "81eb0aa9-cb56-4c23-830d-e0a20da4d7e6", "exp": 1763991535, "iat": 1763987935, "iss": "https://test-mock-oidc.replit.app/", "jti": "1c45db64c84cab6e92af4c03967c30b7", "sub": "IUamcx", "email": "ownerjnd8bX@example.com", "auth_time": 1763987935, "last_name": "Owner", "first_name": "Test"}, "expires_at": 1763991535, "access_token": "eyJhbGciOiJSUzI1NiIsInR5cCI6IkpXVCIsImtpZCI6Ijc4MDgyZTlmZjVhOTA1YjIifQ.eyJpc3MiOiJodHRwczovL3Rlc3QtbW9jay1vaWRjLnJlcGxpdC5hcHAvIiwiaWF0IjoxNzYzOTg3OTM1LCJleHAiOjE3NjM5OTE1MzUsInN1YiI6IklVYW1jeCIsImVtYWlsIjoib3duZXJqbmQ4YlhAZXhhbXBsZS5jb20iLCJmaXJzdF9uYW1lIjoiVGVzdCIsImxhc3RfbmFtZSI6Ik93bmVyIn0.vKKfqa3dgtZ3OMhWbz9zFDUylV2slsZnW2xn8ZfB0ioRo76GaPWW3Xoe2BncDB36uDYcoclXQ57gNIfF33BVTNuQOutEsu3HyyCINGC3_9E9BC-7Qs_djcQwQSnTY-UzKGFq8RSFpurMfMwyIJmTQX2G14DMEgku-GG8S8WSZee7QosjV0QqtjJ9kJfVqcnC8vsqDbkKaaZ7CLXopt2Zx0VqhbBf2yu3P9mgLWGFO-hIsChwctnOw08NsMXhIPCkKlGgwSvxOzcP_IUPt3Mcjwfqzc3ymAuD1pnN2s7EkszQqYiKnqtpD-p-vTZApco5PbjjC6grM0uPt2rruls2ww", "refresh_token": "eyJzdWIiOiJJVWFtY3giLCJlbWFpbCI6Im93bmVyam5kOGJYQGV4YW1wbGUuY29tIiwiZmlyc3RfbmFtZSI6IlRlc3QiLCJsYXN0X25hbWUiOiJPd25lciJ9"}}}	2025-12-01 12:39:49
i27yOoXiL0o0Pc8zbEyacuX4M42SJDRw	{"cookie": {"path": "/", "secure": false, "expires": "2025-12-01T13:30:09.514Z", "httpOnly": true, "originalMaxAge": 604800000}, "passport": {"user": {"claims": {"aud": "81eb0aa9-cb56-4c23-830d-e0a20da4d7e6", "exp": 1763994609, "iat": 1763991009, "iss": "https://test-mock-oidc.replit.app/", "jti": "740f63fbad500ded9d282dde03a30daf", "sub": "Wn0qD2", "email": "Wn0qD2@example.com", "auth_time": 1763991009, "last_name": "Doe", "first_name": "John"}, "expires_at": 1763994609, "access_token": "eyJhbGciOiJSUzI1NiIsInR5cCI6IkpXVCIsImtpZCI6Ijc4MDgyZTlmZjVhOTA1YjIifQ.eyJpc3MiOiJodHRwczovL3Rlc3QtbW9jay1vaWRjLnJlcGxpdC5hcHAvIiwiaWF0IjoxNzYzOTkxMDA5LCJleHAiOjE3NjM5OTQ2MDksInN1YiI6IlduMHFEMiIsImVtYWlsIjoiV24wcUQyQGV4YW1wbGUuY29tIiwiZmlyc3RfbmFtZSI6IkpvaG4iLCJsYXN0X25hbWUiOiJEb2UifQ.uhjZuTWWjQuEO4vd6adjH6_d60QWtlgFL6VF-iWxXraXd0GM9tIn-OWaXaf867wARBekXJD94zdjVWTKwwvX3YY-9igOmHTePWcTZUpNCYIWFXWhzWc3NpumT-Xgu-6c_W3bg5HVCAEbjpunKxmwWktOhMaw0WfZNzlorQP0u4lqtY468i0tozImImjyf5Vc8Z6nKCQ9Cd5OGqbMWitFQVKA61tSOYWoNvVIiS03Or7Pcj033aDAJ8oDsvKHYFmkE_L8o1iRBgik3k2o7gIN2gQL9CUVaYZMuxoWgcERaZnBXRCIXE9WRR66MhFyAegO1box3qrSSjUfdihzTTqt9A", "refresh_token": "eyJzdWIiOiJXbjBxRDIiLCJlbWFpbCI6IlduMHFEMkBleGFtcGxlLmNvbSIsImZpcnN0X25hbWUiOiJKb2huIiwibGFzdF9uYW1lIjoiRG9lIn0"}}}	2025-12-01 13:34:56
\.


--
-- Data for Name: users; Type: TABLE DATA; Schema: public; Owner: -
--

COPY public.users (id, email, first_name, last_name, profile_image_url, role, assigned_outlet_id, created_at, updated_at, password) FROM stdin;
cd7g9x	owner3QkS5V@example.com	Test	Owner	\N	finance	\N	2025-11-24 12:35:17.527492	2025-11-24 12:35:17.527492	\N
aLrZl0	ownerKdH5Zk@example.com	Test	Owner	\N	finance	\N	2025-11-24 12:36:41.067345	2025-11-24 12:36:41.067345	\N
IUamcx	ownerjnd8bX@example.com	Test	Owner	\N	finance	\N	2025-11-24 12:38:55.44501	2025-11-24 12:38:55.44501	\N
6rKmBY	testuserpK7Dp2@example.com	Test	User	\N	finance	\N	2025-11-24 13:14:58.619888	2025-11-24 13:14:58.619888	\N
Wn0qD2	Wn0qD2@example.com	John	Doe	\N	finance	\N	2025-11-24 13:30:09.381383	2025-11-24 13:30:09.381383	\N
11146866	andrewwvidianto@gmail.com	Andrew Wilbert	Wilbert	\N	finance	\N	2025-11-25 06:12:56.537996	2025-11-25 06:12:56.537996	\N
fFNSx5	fFNSx5@example.com	John	Doe	\N	finance	\N	2025-11-27 05:09:39.818524	2025-11-27 05:09:39.818524	\N
h4Hiju	test68hVqz@example.com	Test	User	\N	finance	\N	2025-11-27 07:11:41.4948	2025-11-27 07:11:41.4948	\N
_90iJ-	testtYXoNg@example.com	Test	User	\N	finance	\N	2025-11-27 07:14:20.366074	2025-11-27 07:14:20.366074	\N
XwzHJY	testZyZEiA@example.com	Test	User	\N	finance	\N	2025-11-27 07:16:49.228903	2025-11-27 07:16:49.228903	\N
4m9Vzi	testnhAKzX@example.com	Test	User	\N	finance	\N	2025-11-27 09:22:33.459685	2025-11-27 09:22:33.459685	\N
9x-Y0n	testbNcPy5@example.com	Test	User	\N	finance	\N	2025-11-27 09:29:40.127912	2025-11-27 09:29:40.127912	\N
2871181	izak.jenie@gmail.com	\N	\N	\N	finance	\N	2025-11-29 04:58:07.52371	2025-11-29 04:58:07.52371	\N
xX3m43	superadminRa1ctK@example.com	Super	Admin	\N	finance	\N	2025-12-02 20:36:11.049404	2025-12-02 20:36:11.049404	\N
2-fJ72	testadmin914684@example.com	Test	Admin	\N	finance	\N	2025-12-02 20:39:38.481496	2025-12-02 20:39:38.481496	\N
superadmin-84e0f13e	superadmin214671@example.com	Super	Admin	\N	super_admin	\N	2025-12-02 20:41:40.427995	2025-12-02 20:41:40.427995	\N
super-test-001	superadmin@test.com	Super	Admin	\N	super_admin	\N	2025-12-02 20:42:19.897699	2025-12-02 20:42:19.897699	\N
superadmin-pukis-001	superadmin@pukis.id	Super	Admin	\N	super_admin	\N	2025-12-02 21:20:23.866041	2025-12-02 21:20:23.866041	$2b$10$pqVAz/2VDHkz5yCBh04.x.X5433PwVY7rXNf5uBJPvf.ePO9bLQlC
7f7238d8-ee57-418c-8b3f-ed88ab0b12c2	ara@finance.com	Ara	\N	\N	finance	\N	2025-12-02 22:13:17.346716	2025-12-02 22:13:17.346716	$2b$10$gOhJZFPW86PQHtI1pYlt5uMwelrqh0rZesHD668PPDOdSJCwtSukK
3c626de3-2b7d-462b-9ee0-af34fbc4927d	owner@owner.com	Owner	\N	\N	owner	\N	2025-12-02 22:14:36.903919	2025-12-02 22:14:36.903919	$2b$10$IP7sNSItyw1P3phchKmR1O5.MylWe5F0SssDBwNWic7BNM4TsJF0.
ab4b0ab4-8d45-4367-82c4-b437d05308bb	admin@admin.com	Admin	\N	\N	admin_outlet	\N	2025-12-02 22:15:07.071176	2025-12-02 22:15:07.071176	$2b$10$6aoJ7dS4j.TqOuiIlXGyKOXdhegVHay7F/KznmpiBlVG9j3DiD/Zm
49945456	vennia@jaskapital.com	Vennia	\N	\N	finance	\N	2025-11-24 13:28:55.821939	2025-12-04 03:05:27.215	\N
50479841	micha.belanja@gmail.com	\N	\N	\N	finance	\N	2025-12-01 02:52:57.056658	2025-12-10 03:26:27.945	\N
50054785	farah@jaskapital.com	farah	annisa	\N	finance	\N	2025-11-24 12:28:56.296167	2025-12-17 01:18:37.709	\N
\.


--
-- Name: expenses expenses_pkey; Type: CONSTRAINT; Schema: public; Owner: -
--

ALTER TABLE ONLY public.expenses
    ADD CONSTRAINT expenses_pkey PRIMARY KEY (id);


--
-- Name: outlets outlets_pkey; Type: CONSTRAINT; Schema: public; Owner: -
--

ALTER TABLE ONLY public.outlets
    ADD CONSTRAINT outlets_pkey PRIMARY KEY (id);


--
-- Name: sales sales_pkey; Type: CONSTRAINT; Schema: public; Owner: -
--

ALTER TABLE ONLY public.sales
    ADD CONSTRAINT sales_pkey PRIMARY KEY (id);


--
-- Name: sessions sessions_pkey; Type: CONSTRAINT; Schema: public; Owner: -
--

ALTER TABLE ONLY public.sessions
    ADD CONSTRAINT sessions_pkey PRIMARY KEY (sid);


--
-- Name: users users_email_unique; Type: CONSTRAINT; Schema: public; Owner: -
--

ALTER TABLE ONLY public.users
    ADD CONSTRAINT users_email_unique UNIQUE (email);


--
-- Name: users users_pkey; Type: CONSTRAINT; Schema: public; Owner: -
--

ALTER TABLE ONLY public.users
    ADD CONSTRAINT users_pkey PRIMARY KEY (id);


--
-- Name: IDX_session_expire; Type: INDEX; Schema: public; Owner: -
--

CREATE INDEX "IDX_session_expire" ON public.sessions USING btree (expire);


--
-- PostgreSQL database dump complete
--

\unrestrict IbFPckhLorhzoITnl4cE3jD5mTF7F2TMJajnoVwUoKVnGlkdq0fGwdQ69PobRfg

